"con","mean","median","q2.5","q97.5"
"Africa",150.168906234562,70,15,762.924999999996
"Asia",84.0428832020804,51,6,435
"Europe",38.2706514882471,15,6,265
"North America",70.5433088244931,29,9,456
"Oceania",54.0330805527469,27,5,281
"South America",130.767802869602,63,15,700
